{
    "_ts_rpc_return_": {
        "code": 0,
        "message": "",
        "data": {
            "anchorInfo": {
                "settlement": 0,
                "params": [
                    {
                        "rank_id": 2080,
                        "have_diff": 1,
                        "diff_spec": 3,
                        "dimension_other": 0,
                        "dimension_timestamp": 1686946584
                    }
                ]
            },
            "hourlyLottery": [
                [],
                [],
                [],
                []
            ],
            "guildInfo": {
                "id": 0,
                "name": "",
                "logo": "",
                "team": 0,
                "rank": 0,
                "score": 0
            },
            "time": 1686946584000,
            "anchor": {
                "name": "犬山玉姬Official",
                "face": "https://i0.hdslb.com/bfs/face/5cdaacc212742f3bb9d0e7b83122bd6c86cbc26a.jpg"
            },
            "stage": 1,
            "actStatus": 1,
            "stageName": "1",
            "tabJson": {
                "idolRank": {
                    "id": 2078
                },
                "pkStarRank": {
                    "id": 2079
                },
                "singleRank1": [
                    {
                        "tabName": "天王巨星",
                        "tabId": 1,
                        "params": {
                            "teamDimensionValue": 1,
                            "id": 2080
                        }
                    },
                    {
                        "tabName": "超凡之星",
                        "tabId": 2,
                        "params": {
                            "teamDimensionValue": 2,
                            "id": 2080
                        }
                    },
                    {
                        "tabName": "超级偶像",
                        "tabId": 3,
                        "params": {
                            "teamDimensionValue": 3,
                            "id": 2080
                        }
                    },
                    {
                        "tabName": "大预言家",
                        "tabId": 4,
                        "params": {
                            "teamDimensionValue": 4,
                            "id": 2080
                        }
                    },
                    {
                        "tabName": "虚拟偶像",
                        "tabId": 5,
                        "params": {
                            "teamDimensionValue": 5,
                            "id": 2080
                        }
                    },
                    {
                        "tabName": "电竞奇才",
                        "tabId": 6,
                        "params": {
                            "teamDimensionValue": 6,
                            "id": 2080
                        }
                    },
                    {
                        "tabName": "厅王之王",
                        "tabId": 7,
                        "params": {
                            "teamDimensionValue": 7,
                            "id": 2080
                        }
                    }
                ],
                "singleRank2": [
                    {
                        "tabName": "元气萌酱",
                        "params1": {
                            "tabId": 1,
                            "teamDimensionValue": 1,
                            "id": 2081
                        },
                        "params2": {
                            "tabId": 2,
                            "teamDimensionValue": 2,
                            "id": 2081
                        }
                    },
                    {
                        "tabName": "高能少年",
                        "params1": {
                            "tabId": 3,
                            "teamDimensionValue": 3,
                            "id": 2081
                        },
                        "params2": {
                            "tabId": 4,
                            "teamDimensionValue": 4,
                            "id": 2081
                        }
                    },
                    {
                        "tabName": "活力少女",
                        "params1": {
                            "tabId": 5,
                            "teamDimensionValue": 5,
                            "id": 2081
                        },
                        "params2": {
                            "tabId": 6,
                            "teamDimensionValue": 6,
                            "id": 2081
                        }
                    }
                ],
                "hourRank": {
                    "id": 2068
                },
                "awardsTabs": [
                    {
                        "tabName": "人气偶像",
                        "awardId": 2812,
                        "tabId": 1
                    },
                    {
                        "tabName": "PK之星",
                        "awardId": 2813,
                        "tabId": 2
                    },
                    {
                        "tabName": "荣光公会",
                        "awardId": 2792,
                        "tabId": 3
                    },
                    {
                        "tabName": "璀璨公会",
                        "awardId": 2814,
                        "tabId": 4
                    },
                    {
                        "tabName": "闪耀公会",
                        "awardId": 2797,
                        "tabId": 5
                    },
                    {
                        "tabName": "群星公会",
                        "awardId": 2815,
                        "tabId": 6
                    },
                    {
                        "tabName": "天王巨星",
                        "awardId": 2793,
                        "tabId": 7
                    },
                    {
                        "tabName": "超凡之星",
                        "awardId": 2793,
                        "tabId": 8
                    },
                    {
                        "tabName": "超级偶像",
                        "awardId": 2794,
                        "tabId": 9
                    },
                    {
                        "tabName": "大预言家",
                        "awardId": 2793,
                        "tabId": 10
                    },
                    {
                        "tabName": "虚拟偶像",
                        "awardId": 2793,
                        "tabId": 11
                    },
                    {
                        "tabName": "电竞奇才",
                        "awardId": 2793,
                        "tabId": 12
                    },
                    {
                        "tabName": "厅王之王",
                        "awardId": 2793,
                        "tabId": 13
                    },
                    {
                        "tabName": "元气萌酱",
                        "awardId": 2798,
                        "tabId": 14
                    },
                    {
                        "tabName": "高能少年",
                        "awardId": 2798,
                        "tabId": 15
                    },
                    {
                        "tabName": "活力少女",
                        "awardId": 2798,
                        "tabId": 16
                    }
                ]
            },
            "teamId": 0,
            "teamName": ""
        },
        "errors": {}
    }
}